{"cameraMode":{"drawMode":0,"name":"Shaded","section":"Shading Mode"},"sceneLighting":false,"audioPlay":false,"sceneViewState":{"showFog":true,"showMaterialUpdate":false,"showSkybox":true,"showFlares":true,"showImageEffects":true,"showParticleSystems":true},"in2DMode":false,"pivot":{"x":5.46999979019165,"y":6.192020416259766,"z":-10.934935569763184},"rotation":{"x":-0.13145604729652406,"y":-0.6715951561927795,"z":0.12283287942409516,"w":-0.7187429666519165},"size":2.8578836917877199,"orthographic":false}