{"cameraMode":{"drawMode":0,"name":"Shaded","section":"Shading Mode"},"sceneLighting":false,"audioPlay":false,"sceneViewState":{"showFog":true,"showMaterialUpdate":false,"showSkybox":true,"showFlares":true,"showImageEffects":true,"showParticleSystems":true},"in2DMode":false,"pivot":{"x":-13.014754295349121,"y":2.4913618564605715,"z":-28.261959075927736},"rotation":{"x":-0.006147422362118959,"y":0.9938175082206726,"z":-0.07407447695732117,"w":-0.08247419446706772},"size":2.4051175117492677,"orthographic":false}